{"cameraMode":{"drawMode":0,"name":"Shaded","section":"Shading Mode"},"sceneLighting":true,"audioPlay":false,"sceneViewState":{"showFog":false,"showMaterialUpdate":false,"showSkybox":false,"showFlares":false,"showImageEffects":false,"showParticleSystems":false},"in2DMode":false,"pivot":{"x":101.38175964355469,"y":3.739271640777588,"z":95.06681060791016},"rotation":{"x":0.008525989949703217,"y":0.9819729328155518,"z":-0.18326862156391145,"w":0.04569682851433754},"size":4.935076713562012,"orthographic":false}