{"cameraMode":{"drawMode":0,"name":"Shaded","section":"Shading Mode"},"sceneLighting":true,"audioPlay":false,"sceneViewState":{"showFog":false,"showMaterialUpdate":false,"showSkybox":false,"showFlares":false,"showImageEffects":false,"showParticleSystems":false},"in2DMode":false,"pivot":{"x":2.062225341796875,"y":3.4993185997009279,"z":-1.484013319015503},"rotation":{"x":-0.04567466303706169,"y":0.9140027761459351,"z":-0.10743940621614456,"w":-0.3885895013809204},"size":6.146245002746582,"orthographic":false}