{"cameraMode":{"drawMode":0,"name":"Shaded","section":"Shading Mode"},"sceneLighting":false,"audioPlay":false,"sceneViewState":{"showFog":false,"showMaterialUpdate":false,"showSkybox":false,"showFlares":false,"showImageEffects":false,"showParticleSystems":false},"in2DMode":false,"pivot":{"x":3.950000286102295,"y":5.333000183105469,"z":-0.1499999761581421},"rotation":{"x":-0.07884532958269119,"y":0.8586308360099793,"z":-0.48708200454711916,"w":-0.13900886476039887},"size":5.626832962036133,"orthographic":false}